fscore,hiddenLayerSizes,numHiddenLayers,precision,recall
0.65671641791,100,0,0.488888888889,1.0
0.65671641791,50,0,0.488888888889,1.0
0.65671641791,25,0,0.488888888889,1.0
0.65671641791,10,0,0.488888888889,1.0
0.477611940299,100,1,0.695652173913,0.363636363636
0.555555555556,50,1,0.714285714286,0.454545454545
0.6,25,1,0.666666666667,0.545454545455
0.65671641791,10,1,0.488888888889,1.0
0.637362637363,100,2,0.617021276596,0.659090909091
0.7,50,2,0.625,0.795454545455
0.626506024096,25,2,0.666666666667,0.590909090909
0.56,10,2,0.677419354839,0.477272727273
0.0,100,3,0.0,0.0
0.65671641791,50,3,0.488888888889,1.0
0.0,25,3,0.0,0.0
0.65671641791,10,3,0.488888888889,1.0
